<?xml version="1.0"?>
<?mso-application progid="Excel.Sheet"?>
<Workbook xmlns="urn:schemas-microsoft-com:office:spreadsheet"
 xmlns:o="urn:schemas-microsoft-com:office:office"
 xmlns:x="urn:schemas-microsoft-com:office:excel"
 xmlns:ss="urn:schemas-microsoft-com:office:spreadsheet"
 xmlns:html="http://www.w3.org/TR/REC-html40">
 <DocumentProperties xmlns="urn:schemas-microsoft-com:office:office">
  <Created>2006-09-16T00:00:00Z</Created>
  <LastSaved>2017-01-09T17:16:20Z</LastSaved>
  <Version>12.00</Version>
 </DocumentProperties>
 <OfficeDocumentSettings xmlns="urn:schemas-microsoft-com:office:office">
  <AllowPNG/>
  <RemovePersonalInformation/>
 </OfficeDocumentSettings>
 <ExcelWorkbook xmlns="urn:schemas-microsoft-com:office:excel">
  <WindowHeight>8010</WindowHeight>
  <WindowWidth>14805</WindowWidth>
  <WindowTopX>240</WindowTopX>
  <WindowTopY>105</WindowTopY>
  <ProtectStructure>False</ProtectStructure>
  <ProtectWindows>False</ProtectWindows>
 </ExcelWorkbook>
 <Styles>
  <Style ss:ID="Default" ss:Name="Normal">
   <Alignment ss:Vertical="Bottom"/>
   <Borders/>
   <Font ss:FontName="Calibri" x:Family="Swiss" ss:Size="11" ss:Color="#000000"/>
   <Interior/>
   <NumberFormat/>
   <Protection/>
  </Style>
  <Style ss:ID="s62" ss:Name="Hiperlink">
   <Font ss:FontName="Calibri" x:Family="Swiss" ss:Size="11" ss:Color="#0000FF"
    ss:Underline="Single"/>
  </Style>
  <Style ss:ID="s65" ss:Name="Hyperlink">
   <Font ss:FontName="Calibri" x:Family="Swiss" ss:Size="11" ss:Color="#0000FF"
    ss:Underline="Single"/>
  </Style>
  <Style ss:ID="s66" ss:Parent="s65">
   <Alignment ss:Vertical="Bottom"/>
   <Font ss:FontName="Calibri" x:Family="Swiss" ss:Size="11" ss:Color="#0000FF"
    ss:Underline="Single"/>
   <Protection/>
  </Style>
 </Styles>
 <Worksheet ss:Name="Plan1">
  <Table ss:ExpandedColumnCount="5" ss:ExpandedRowCount="4" x:FullColumns="1"
   x:FullRows="1" ss:DefaultRowHeight="15">
   <Column ss:Width="95.25"/>
   <Column ss:Width="74.25"/>
   <Column ss:Width="93"/>
   <Column ss:Width="103.5"/>
   <Column ss:Width="73.5"/>
   <Row ss:AutoFitHeight="0">
    <Cell><Data ss:Type="String">nome_responsavel</Data></Cell>
    <Cell><Data ss:Type="String">nome_modelo</Data></Cell>
    <Cell><Data ss:Type="String">telefone_principal</Data></Cell>
    <Cell><Data ss:Type="String">telefone_secundario</Data></Cell>
    <Cell><Data ss:Type="String">id_funcionario</Data></Cell>
   </Row>
   <Row ss:AutoFitHeight="0">
    <Cell ss:StyleID="s66"><Data ss:Type="String">Joaozinho Teste</Data></Cell>
    <Cell><Data ss:Type="String">blaoiahos</Data></Cell>
    <Cell><Data ss:Type="Number">11985968596</Data></Cell>
    <Cell><Data ss:Type="Number">11985968574</Data></Cell>
    <Cell><Data ss:Type="Number">2469</Data></Cell>
   </Row>
   <Row ss:AutoFitHeight="0">
    <Cell><Data ss:Type="String">Joao Tetse 2</Data></Cell>
    <Cell ss:StyleID="s66"><Data ss:Type="String">sdgfiusgdf</Data></Cell>
    <Cell><Data ss:Type="Number">11985968596</Data></Cell>
    <Cell><Data ss:Type="Number">11985749685</Data></Cell>
    <Cell><Data ss:Type="Number">2469</Data></Cell>
   </Row>
   <Row ss:AutoFitHeight="0">
    <Cell ss:Index="2" ss:StyleID="s62"/>
   </Row>
  </Table>
  <WorksheetOptions xmlns="urn:schemas-microsoft-com:office:excel">
   <PageSetup>
    <Header x:Margin="0.3"/>
    <Footer x:Margin="0.3"/>
    <PageMargins x:Bottom="0.75" x:Left="0.7" x:Right="0.7" x:Top="0.75"/>
   </PageSetup>
   <Unsynced/>
   <Selected/>
   <Panes>
    <Pane>
     <Number>3</Number>
     <ActiveRow>2</ActiveRow>
     <ActiveCol>5</ActiveCol>
    </Pane>
   </Panes>
   <ProtectObjects>False</ProtectObjects>
   <ProtectScenarios>False</ProtectScenarios>
  </WorksheetOptions>
 </Worksheet>
</Workbook>
